{
    "description": "项目配置文件。",
    "setting": {
        "urlCheck": false,
        "es6": true,
        "postcss": true,
        "minified": true,
        "newFeature": true
    },
    "compileType": "miniprogram",
    "libVersion": "1.9.93",
    "appid": "",
    "projectname": "sample-mpvue-wxapp",
    "isGameTourist": false,
    "condition": {
        "search": {
            "current": -1,
            "list": []
        },
        "conversation": {
            "current": -1,
            "list": []
        },
        "game": {
            "currentL": -1,
            "list": []
        },
        "miniprogram": {
            "current": -1,
            "list": []
        }
    }
}
